Job ID,Skill_ID
0,1
0,2
0,18
0,36
0,4
0,25
1,30
1,13
1,18
1,36
1,4
2,27
2,29
2,3
2,1
2,18
2,21
2,36
2,5
3,27
3,30
3,18
3,7
3,38
3,26
3,4
4,27
4,29
4,20
4,30
4,23
4,18
4,36
5,27
5,14
5,32
5,20
5,35
5,13
5,18
5,21
5,38
5,33
6,27
6,29
6,18
6,26
6,33
6,36
6,4
7,27
7,30
7,36
7,5
9,27
9,30
9,18
9,7
9,21
9,38
9,26
9,36
10,27
10,29
10,14
10,1
10,18
10,7
10,21
10,38
10,36
11,27
11,29
11,30
11,35
11,18
11,38
11,33
11,36
11,4
11,25
12,18
12,36
13,27
13,37
13,30
13,31
13,8
13,5
14,27
14,29
14,1
14,12
14,6
14,18
14,33
14,36
15,27
15,29
15,14
15,3
15,37
15,30
15,19
15,35
15,13
15,18
15,7
15,38
15,36
15,5
15,25
16,27
16,18
16,38
16,26
16,33
17,27
17,29
17,14
17,32
17,30
17,2
17,13
17,18
17,36
18,9
20,18
20,4
21,27
21,35
21,13
21,18
21,36
22,36
23,4
24,29
24,30
24,36
24,5
25,27
25,29
25,30
25,8
25,18
25,7
25,26
25,33
25,25
26,27
26,29
26,24
26,37
26,9
26,1
26,35
26,13
26,16
26,38
26,36
27,27
27,29
27,30
27,35
27,13
27,18
27,36
27,25
28,27
28,29
28,37
28,22
28,18
28,36
28,4
28,5
28,25
29,35
29,18
29,38
29,36
30,27
30,29
30,3
30,1
30,18
30,21
30,36
30,5
31,27
31,29
31,18
31,26
31,33
31,36
31,4
32,27
32,29
32,30
32,18
32,21
33,29
33,36
33,25
34,14
34,1
35,9
35,30
35,35
35,13
35,18
36,27
36,29
36,24
36,37
36,9
36,30
37,27
37,29
37,30
37,1
37,18
37,36
37,4
37,5
37,10
38,27
38,29
38,14
38,15
38,3
38,20
38,1
38,35
38,13
38,18
38,36
38,4
39,27
39,29
39,37
39,30
39,36
39,25
40,27
40,29
40,9
40,30
40,4
41,27
41,29
41,14
41,1
41,2
41,35
41,18
42,30
42,8
42,36
42,4
42,5
44,27
44,18
44,7
44,36
45,27
45,18
45,7
45,38
45,26
46,18
46,36
47,27
47,29
47,14
47,9
47,8
47,18
48,27
48,29
48,37
48,28
48,18
48,36
49,27
49,24
49,37
49,9
49,30
49,18
49,21
49,33
49,36
49,5
50,27
50,29
50,37
50,17
50,20
50,30
50,19
50,18
50,36
51,27
51,29
51,14
51,32
51,30
51,35
51,18
51,7
51,38
51,4
52,27
52,29
52,35
52,18
52,21
52,38
52,36
53,30
53,4
53,5
54,9
54,30
55,37
55,36
55,4
55,5
56,27
56,29
56,18
56,36
56,4
57,27
57,29
57,14
57,32
57,18
57,36
58,27
58,29
58,30
58,35
58,18
58,38
58,26
58,33
58,36
58,4
58,5
58,10
59,27
59,18
59,36
59,5
60,27
60,29
60,9
60,30
60,31
60,36
61,27
61,18
61,7
61,4
62,27
62,30
62,36
62,5
63,27
63,14
63,32
63,20
63,35
63,13
63,18
63,21
63,38
63,33
64,24
64,37
64,9
64,30
64,5
65,27
65,29
65,30
65,31
65,36
65,4
65,5
66,27
66,29
66,37
66,30
66,18
66,36
66,25
67,27
67,29
67,37
67,30
67,5
68,27
68,15
68,3
68,30
68,1
68,18
68,7
68,38
68,26
68,33
68,36
69,27
69,29
69,35
69,16
69,8
69,18
69,7
69,38
69,26
70,27
70,14
70,15
70,3
70,1
70,35
70,13
70,18
70,36
71,27
71,15
71,3
71,30
71,1
71,18
71,33
71,36
71,5
72,27
72,29
72,1
72,2
72,12
72,11
72,35
72,13
72,18
73,37
73,9
73,30
73,5
75,27
75,29
75,37
75,9
75,30
75,36
76,27
76,14
76,9
76,30
76,18
77,27
77,29
77,18
77,25
77,10
78,27
78,29
78,30
78,18
78,36
78,25
79,27
79,29
79,18
79,36
80,27
80,29
80,30
80,13
80,18
80,36
82,14
82,32
82,30
82,1
82,2
82,11
82,35
82,13
82,16
83,27
83,1
83,35
83,13
83,18
83,7
83,38
84,27
84,20
84,30
84,23
84,31
84,1
84,18
84,7
84,38
84,36
85,27
85,29
85,30
85,18
85,36
86,4
87,27
87,30
87,1
87,12
87,18
87,7
87,38
87,26
87,33
87,36
88,27
88,15
88,16
88,18
88,36
89,27
89,1
89,6
89,18
89,36
90,27
90,29
90,30
90,18
90,7
90,36
91,27
91,29
91,14
91,32
91,15
91,28
91,30
91,22
91,1
91,35
91,13
91,16
91,8
91,18
91,36
91,10
92,27
92,29
92,14
92,32
92,3
92,37
92,30
92,35
92,13
92,16
92,18
92,36
93,27
93,29
93,30
93,18
94,27
94,29
94,1
94,12
94,6
94,18
94,33
94,36
96,27
96,29
96,32
96,30
96,35
96,18
96,4
97,27
97,2
97,6
97,18
97,36
98,18
98,38
99,29
99,37
100,27
100,29
100,14
100,32
100,35
100,13
100,18
100,38
100,4
100,10
101,27
101,14
101,23
101,1
101,35
101,13
101,18
101,7
101,38
101,36
102,27
102,29
102,18
102,7
102,38
102,36
103,27
103,29
103,14
103,32
103,30
103,35
103,13
103,18
103,38
103,36
105,27
105,29
105,24
105,37
105,9
105,30
105,18
105,5
106,30
106,31
106,13
106,8
106,4
107,27
107,20
107,23
107,1
107,8
107,34
107,18
108,27
108,29
108,14
108,9
108,1
108,2
108,13
108,18
109,27
109,14
110,9
110,35
111,37
111,9
111,30
111,36
111,5
112,27
112,29
112,14
112,30
112,18
112,36
113,27
114,27
114,14
114,32
114,37
114,30
114,1
114,35
114,13
114,16
114,8
114,18
114,38
114,33
114,36
114,5
115,27
115,29
115,30
115,8
115,18
115,36
115,4
115,5
116,27
116,29
116,14
116,32
116,9
116,35
116,13
116,18
116,38
116,33
116,4
116,25
116,10
117,27
117,30
117,31
117,2
117,8
117,36
117,4
118,4
119,27
119,29
119,14
119,32
119,15
119,30
119,16
120,27
120,29
120,37
120,9
120,30
120,8
120,36
120,5
121,27
121,32
121,35
121,16
121,8
121,18
122,27
122,29
122,14
122,1
122,18
122,7
122,21
122,38
122,36
123,27
123,14
123,15
123,3
123,1
123,35
123,13
123,18
123,36
124,27
124,29
124,37
124,9
124,30
124,18
124,36
124,4
124,5
125,27
125,1
125,35
125,16
125,18
125,21
125,38
125,36
126,27
126,29
126,30
126,35
126,18
126,38
126,33
126,36
126,4
126,25
127,27
127,30
127,18
127,7
127,21
127,38
127,26
127,36
128,27
128,14
128,15
128,3
128,1
128,35
128,13
128,18
128,36
129,27
129,1
129,35
129,16
129,18
129,21
129,38
129,36
130,30
130,34
130,18
130,4
131,27
131,15
131,20
131,30
131,1
131,35
131,13
132,27
132,24
132,30
132,18
132,5
132,10
133,27
133,29
133,3
133,37
133,30
133,35
133,18
133,36
133,25
134,18
134,10
135,18
135,10
136,27
136,15
136,20
136,30
136,1
136,35
136,13
137,27
137,29
137,18
137,36
137,25
138,27
138,37
138,35
138,13
138,18
138,36
139,14
139,32
139,35
139,13
139,16
140,30
140,22
141,37
141,17
141,30
141,34
141,36
141,5
142,27
142,29
142,37
142,30
142,1
142,35
142,13
142,18
142,36
143,27
143,29
143,18
144,27
144,18
144,7
144,38
144,26
145,9
145,4
146,29
146,30
146,36
146,25
147,4
148,29
148,30
148,18
149,37
149,28
149,30
149,36
150,27
150,29
150,9
150,30
150,13
150,18
150,7
150,36
150,4
151,29
152,27
152,9
152,30
152,23
152,1
152,12
152,35
152,13
152,8
152,34
152,18
155,27
155,9
155,18
155,36
156,27
156,29
156,14
156,1
156,18
156,7
156,21
156,38
156,36
157,27
157,29
157,14
157,3
157,37
157,30
157,19
157,35
157,13
157,18
157,7
157,38
157,36
157,5
157,25
158,27
158,29
158,14
158,15
158,18
158,7
158,38
158,26
158,36
159,18
159,36
159,4
160,27
160,30
160,1
160,12
160,35
160,18
160,7
160,38
160,33
160,36
160,10
161,27
161,29
161,37
161,9
161,30
161,1
161,18
161,4
163,27
163,29
163,9
163,30
163,36
163,4
165,27
165,29
165,24
165,30
165,31
165,2
165,6
165,18
165,36
165,4
166,27
166,29
166,30
166,35
166,13
167,27
167,29
167,14
167,32
167,3
167,37
167,30
167,35
167,13
167,16
167,18
167,36
168,27
168,14
168,32
168,30
168,1
168,35
168,13
168,16
168,36
169,29
169,37
169,28
169,30
169,4
170,9
170,18
170,36
170,4
170,5
170,25
171,27
171,15
171,3
171,30
171,1
171,18
171,38
171,26
171,33
171,36
172,27
172,29
172,14
172,32
172,15
172,18
172,7
172,36
173,27
173,32
173,13
173,18
173,33
173,36
173,4
173,25
174,27
174,9
174,30
175,27
175,15
175,3
175,30
175,1
175,18
175,7
175,38
175,26
175,33
175,36
176,27
176,29
176,30
176,31
176,1
176,2
176,8
177,18
177,36
178,27
178,29
178,14
178,32
178,30
178,2
178,13
178,18
178,36
179,27
179,18
179,38
179,26
180,9
180,36
180,4
181,36
181,4
181,10
182,27
182,29
182,30
182,23
182,31
182,22
182,35
182,13
182,21
182,38
182,26
182,33
182,36
183,27
183,29
183,7
183,38
183,26
184,27
184,29
184,37
184,30
184,36
184,10
185,27
185,29
185,15
185,3
185,30
185,35
185,13
185,18
185,33
185,36
185,4
186,27
186,29
186,36
186,4
186,5
187,27
187,29
187,11
187,18
187,7
187,36
187,4
188,27
188,29
188,14
188,15
188,3
188,20
188,19
188,18
188,4
189,27
189,29
189,32
189,1
189,12
189,35
189,13
189,18
190,27
190,30
190,18
190,33
190,36
191,27
191,14
191,19
191,1
191,11
192,27
192,29
192,9
192,18
193,27
193,30
193,18
194,27
194,29
194,18
195,27
195,30
195,23
195,1
195,35
195,16
195,18
195,36
195,5
196,4
198,37
198,9
198,30
198,5
199,27
199,18
199,38
199,26
199,33
200,29
200,30
200,36
200,5
201,27
201,9
201,4
202,27
202,18
203,27
203,14
203,30
203,13
203,16
203,8
205,27
205,14
205,9
205,1
205,16
205,36
206,18
207,30
207,31
207,8
207,4
208,4
209,27
209,29
209,32
209,35
209,18
209,25
210,30
210,18
210,7
210,38
210,26
210,4
211,27
211,29
211,14
211,30
211,18
212,27
212,35
212,16
212,18
213,27
213,15
213,16
213,18
213,36
214,27
214,14
215,27
215,29
215,32
215,30
215,1
215,2
215,35
215,13
215,6
215,18
215,4
216,27
217,37
217,30
217,4
218,32
218,30
218,35
218,13
218,16
219,27
219,15
219,3
219,30
219,1
219,18
219,38
219,26
219,33
219,36
220,30
221,27
221,35
221,13
221,18
221,36
222,27
222,29
222,24
222,37
222,9
222,1
222,35
222,13
222,16
222,38
222,36
223,27
223,29
223,30
223,31
223,1
223,2
223,8
224,27
224,29
224,30
225,27
225,29
225,30
225,22
225,8
225,18
226,27
226,29
226,30
226,35
226,13
226,18
226,21
226,36
226,10
227,27
227,29
227,18
228,27
228,18
228,38
228,26
229,27
229,29
229,37
229,28
229,18
229,36
229,5
230,9
230,25
231,9
231,36
231,4
232,27
232,29
232,7
232,38
232,26
234,27
234,29
234,30
234,23
234,31
234,22
234,35
234,13
234,21
234,38
234,26
234,33
234,36
235,9
235,30
235,22
235,36
235,4
236,27
236,29
236,37
236,30
236,13
237,27
237,29
237,14
237,32
237,35
237,13
237,18
238,27
238,29
238,37
238,30
238,36
238,10
239,27
239,38
240,27
240,29
240,30
240,8
240,18
240,7
240,26
240,33
240,25
241,29
241,36
241,25
242,27
242,1
242,8
243,18
244,27
244,29
244,30
244,36
244,4
245,27
245,29
245,3
245,37
245,30
245,18
245,7
245,21
245,36
246,27
246,29
246,30
246,22
246,18
246,7
246,4
247,27
247,29
247,30
247,35
247,18
247,7
247,21
247,38
247,26
247,33
247,36
247,4
247,5
248,27
248,29
248,36
248,4
249,27
249,14
249,18
250,27
250,29
250,15
250,3
250,30
250,35
250,13
250,18
250,33
250,36
250,4
251,30
251,36
251,4
251,25
252,27
252,29
252,14
252,30
252,18
252,36
252,25
253,27
253,29
253,9
253,18
253,36
254,27
254,29
254,36
254,25
255,27
255,30
255,1
255,8
255,18
255,7
255,26
255,36
256,29
256,15
256,30
256,22
256,8
256,36
256,4
257,27
257,29
257,14
257,15
257,3
257,20
257,19
257,18
257,4
258,27
258,15
258,9
258,30
258,18
258,21
258,38
258,4
258,5
259,27
259,37
259,30
259,35
259,36
260,27
260,30
260,18
260,33
260,36
261,27
261,29
261,32
261,1
261,12
261,35
261,13
261,18
262,27
262,29
262,30
262,35
262,13
262,18
262,36
262,25
263,9
263,30
263,35
263,13
263,18
264,18
264,36
265,27
265,29
265,14
265,3
265,30
265,1
265,36
265,5
266,27
266,29
266,37
266,9
266,30
266,22
266,10
267,27
267,35
267,13
267,18
268,27
268,29
268,37
268,30
268,13
268,36
269,27
269,30
269,19
269,1
270,27
270,14
270,19
270,1
270,11
271,27
271,29
271,15
271,3
271,24
271,37
271,9
271,30
271,2
271,8
271,18
271,38
271,36
271,5
272,27
272,29
272,37
272,30
272,1
272,18
272,36
272,4
272,5
272,25
273,27
273,29
273,30
273,35
273,7
274,27
274,30
274,18
275,27
275,29
275,14
275,18
275,4
276,37
276,36
276,5
277,27
277,29
277,14
277,32
277,3
277,37
277,30
277,35
277,13
277,18
277,7
277,38
277,36
278,18
278,36
279,29
279,19
279,35
279,18
279,36
279,4
279,25
280,27
280,14
280,37
280,30
280,31
280,1
280,2
280,11
280,4
280,5
281,27
281,29
281,24
281,37
281,30
281,31
281,36
281,4
282,7
282,38
283,27
283,29
283,37
283,30
283,36
283,25
284,27
284,29
284,30
284,18
284,21
285,7
285,38
286,27
286,29
286,18
287,27
287,30
287,35
287,13
287,16
287,8
288,27
288,30
288,23
288,1
288,35
288,16
288,18
288,36
288,5
289,27
289,29
289,30
289,36
289,4
290,27
290,29
290,24
290,37
290,30
290,22
290,2
290,12
290,5
291,27
291,29
291,18
291,36
292,27
292,29
292,18
292,7
292,38
292,26
292,36
292,4
292,25
293,27
293,37
293,30
293,1
293,35
293,6
293,34
293,18
293,7
293,38
293,26
293,33
293,36
293,5
293,10
294,27
294,29
294,30
294,36
294,4
294,25
295,27
295,29
295,14
295,30
296,27
296,29
296,14
296,32
296,30
296,35
296,7
296,21
297,24
297,37
297,30
297,18
297,4
298,27
298,20
298,30
298,23
298,19
298,35
298,16
298,18
298,38
298,26
298,4
300,27
300,29
300,30
300,31
300,2
300,13
300,8
300,6
300,4
301,27
301,29
301,14
301,32
301,30
301,1
301,2
301,18
301,7
301,21
301,10
302,27
302,29
302,35
302,13
302,18
302,21
302,36
302,4
302,25
303,18
303,4
304,27
304,29
304,37
304,22
304,18
304,36
304,4
304,5
304,25
305,27
305,18
306,27
306,29
306,3
306,37
306,30
306,31
306,22
306,18
306,21
306,38
306,26
306,5
306,25
306,10
307,27
307,29
307,18
307,36
307,4
308,27
308,29
308,14
308,32
308,15
308,18
308,7
308,36
309,15
310,27
310,29
310,14
310,32
310,35
310,13
310,18
310,7
310,21
310,38
310,26
310,33
310,36
310,4
311,4
313,27
313,29
313,37
313,18
313,36
313,4
314,27
314,30
314,1
314,35
314,18
314,36
315,27
315,29
315,14
315,32
315,35
315,13
315,18
315,38
315,36
316,27
316,29
316,30
316,8
316,18
316,5
316,25
317,27
317,29
317,37
317,9
317,18
317,36
317,4
317,5
317,25
318,37
318,9
318,30
318,5
319,29
319,3
319,30
319,19
319,18
319,36
319,5
320,18
321,29
321,36
322,9
322,4
323,27
323,29
323,37
323,28
323,18
323,36
324,27
324,29
324,14
324,9
324,8
324,18
325,27
325,14
325,30
325,13
325,16
325,8
326,30
326,2
326,18
326,36
326,5
327,27
327,29
327,18
327,36
328,27
328,20
328,1
328,8
328,36
329,27
329,9
329,30
329,22
329,18
329,36
329,4
330,27
330,18
331,27
331,32
331,30
331,1
331,2
331,35
332,18
332,38
332,26
333,27
333,9
333,30
333,22
333,18
333,36
335,9
335,18
335,36
335,4
335,5
335,25
336,27
336,29
336,30
336,18
336,7
336,36
336,5
337,30
337,8
338,27
338,29
338,14
338,32
338,18
338,4
338,25
339,27
339,14
339,8
339,18
339,38
339,26
340,27
340,29
340,37
340,30
340,31
340,8
340,34
340,4
341,27
341,29
341,37
341,30
341,8
342,27
342,29
342,35
342,6
342,18
342,7
342,36
342,10
343,27
343,29
343,35
343,18
343,21
343,38
343,36
344,27
344,18
344,7
344,36
345,30
345,31
345,8
345,4
347,27
347,29
347,14
347,1
347,35
347,13
347,16
347,18
347,7
348,27
348,29
348,14
348,32
348,35
348,13
348,18
348,7
348,38
348,26
348,33
348,36
348,4
349,18
350,15
350,20
350,30
350,22
350,1
350,8
351,18
352,35
352,36
353,27
353,1
353,35
353,18
353,36
354,27
354,14
354,32
354,20
354,30
354,1
354,2
354,35
354,13
354,8
354,6
354,18
354,36
355,27
355,29
355,32
355,35
355,18
355,25
356,27
356,29
356,37
356,28
356,9
356,30
357,27
357,29
357,32
357,1
357,35
357,18
357,4
358,27
358,29
358,32
358,1
358,35
358,18
358,4
359,27
359,29
359,32
359,1
359,35
359,18
359,4
360,27
360,29
360,32
360,1
360,35
360,18
360,4
361,27
361,29
361,32
361,1
361,35
361,18
361,4
362,27
362,29
362,32
362,1
362,35
362,18
362,4
363,27
363,29
363,14
363,30
363,18
364,27
364,24
364,37
364,9
364,30
364,18
364,21
364,33
364,36
364,5
365,27
365,29
365,14
365,32
365,30
365,35
365,18
365,7
365,38
365,4
366,27
366,29
366,14
366,37
366,30
366,35
366,13
366,18
366,7
366,36
367,27
367,14
368,27
368,30
368,18
368,7
369,27
369,15
369,16
369,18
369,36
370,27
370,29
370,32
370,30
370,1
370,2
370,35
370,13
370,6
370,18
370,4
371,22
371,18
371,36
371,5
371,25
372,27
372,14
372,13
372,18
372,4
373,27
373,29
373,30
373,18
373,36
374,18
375,27
375,29
375,18
375,36
376,27
376,29
376,37
376,30
376,5
377,27
377,30
377,18
377,36
378,27
378,29
378,30
378,18
379,27
379,29
379,14
379,32
379,30
379,16
379,18
379,21
379,4
380,37
380,30
380,4
381,32
381,30
381,35
381,13
381,16
382,27
382,30
382,18
382,7
382,38
382,36
382,4
383,27
383,30
383,19
383,1
383,35
384,27
384,29
384,37
384,30
384,36
384,4
384,5
385,18
385,36
386,29
386,9
386,36
387,29
387,10
388,27
388,29
388,14
388,37
388,30
388,31
388,22
388,35
388,18
388,21
388,36
388,4
388,5
388,25
389,27
389,29
389,14
389,37
389,30
389,31
389,22
389,35
389,18
389,21
389,36
389,4
389,5
389,25
390,27
390,15
390,3
390,30
390,1
390,18
390,38
390,26
390,33
390,36
391,27
391,29
391,18
391,38
391,4
392,29
392,24
392,9
392,11
392,8
393,27
393,30
393,23
394,1
394,18
394,7
394,38
394,26
394,36
395,27
395,15
395,20
395,30
395,31
395,22
395,16
395,8
395,34
396,18
396,4
397,27
397,18
398,27
398,14
400,27
400,29
400,14
400,30
400,18
400,4
401,24
401,37
401,30
401,2
401,8
401,5
402,36
403,24
403,37
403,28
403,9
403,30
403,8
403,36
403,4
403,5
404,29
405,1
405,2
405,11
405,35
405,18
405,38
405,26
406,27
406,29
406,14
406,32
406,18
406,36
407,27
407,29
407,30
407,35
407,18
407,38
407,26
407,33
407,36
407,4
407,5
407,10
408,27
408,29
408,14
408,32
408,37
408,35
408,13
408,18
408,7
408,21
408,38
409,14
409,32
409,15
409,1
409,4
409,5
410,27
410,29
410,18
411,27
411,29
411,14
411,32
411,30
411,1
411,35
411,13
411,34
411,18
411,38
411,36
412,27
412,29
412,14
412,32
412,3
412,37
412,35
412,13
412,8
412,18
412,21
412,36
413,27
413,14
413,32
413,30
413,2
413,8
413,6
413,18
413,36
414,27
414,29
414,14
414,37
414,30
414,18
414,36
415,27
415,14
415,15
415,30
415,4
416,27
416,15
416,20
416,18
416,21
416,4
417,27
417,37
417,13
417,18
417,7
417,4
418,27
418,29
418,14
418,30
418,18
418,36
418,5
419,27
419,29
419,14
419,32
419,30
419,5
420,27
420,30
420,35
420,13
420,18
420,36
421,37
421,9
421,30
421,5
422,27
422,30
422,1
422,2
422,11
422,35
422,13
422,18
422,7
422,21
422,36
422,5
423,27
423,29
423,14
423,32
423,35
423,13
423,18
423,38
423,36
424,27
424,14
424,18
424,36
424,5
424,25
425,29
425,3
425,30
425,19
425,18
425,36
425,5
426,27
426,9
426,4
427,27
427,29
427,37
427,30
427,18
427,36
427,25
428,27
428,29
428,18
428,36
428,4
429,18
430,27
431,9
431,4
432,27
432,14
432,30
432,13
432,16
432,8
433,27
433,29
433,37
433,9
433,30
433,5
434,36
435,27
435,30
435,31
436,27
436,29
436,35
436,6
436,18
436,38
436,33
436,10
437,27
437,9
437,30
437,22
437,18
437,36
437,4
438,25
439,27
439,29
439,18
439,36
439,4
440,27
440,29
440,1
440,18
440,7
440,21
440,36
440,25
441,27
441,29
441,14
441,32
441,37
441,30
441,13
441,36
441,5
442,9
442,30
442,36
443,27
443,29
443,14
443,18
443,36
444,27
444,29
444,32
444,30
444,35
444,13
444,18
444,7
444,36
445,18
445,38
445,26
446,27
446,18
446,36
446,5
447,27
447,29
447,1
447,2
447,12
447,11
447,35
447,13
447,18
448,27
448,29
448,14
448,24
448,37
448,18
448,36
448,25
448,10
450,27
450,29
450,14
450,32
450,30
450,35
450,13
450,18
450,7
450,21
450,36
450,4
451,27
451,29
451,14
451,32
451,30
451,1
451,35
451,18
452,27
452,18
452,36
453,27
453,29
453,37
453,30
453,13
453,18
453,36
453,5
453,25
453,10
454,27
454,30
455,27
455,29
455,30
455,18
455,7
455,36
455,5
456,27
456,29
456,14
456,37
456,9
456,8
456,18
456,36
456,4
456,5
456,25
457,27
457,29
457,14
457,32
457,18
457,4
457,25
458,27
458,14
458,8
458,18
458,38
458,26
459,27
459,14
459,32
459,37
459,30
459,1
459,35
459,13
459,16
459,8
459,18
459,38
459,33
459,36
459,5
460,27
460,29
460,24
460,37
460,9
460,30
460,4
460,5
460,10
461,27
461,30
461,11
461,18
461,7
461,38
462,27
462,30
462,1
462,35
462,13
462,18
462,4
462,5
463,27
463,29
463,37
463,30
463,31
463,8
463,34
463,4
464,27
464,29
464,30
464,18
464,36
465,27
465,29
465,37
465,30
465,8
466,27
466,29
466,37
466,9
466,30
466,25
467,27
467,15
467,3
467,30
467,1
467,18
467,7
467,38
467,26
467,33
467,36
468,27
468,29
468,37
468,30
468,5
469,27
469,29
469,35
469,6
469,18
469,7
469,36
469,10
470,30
470,31
470,8
470,4
471,27
471,29
471,24
471,37
471,17
471,9
471,30
471,36
471,5
472,27
472,29
472,14
472,1
472,35
472,13
472,16
472,18
472,7
473,27
473,30
473,18
473,36
473,10
475,27
475,29
475,37
475,18
475,36
475,4
476,27
476,14
476,32
476,30
476,35
476,13
477,27
477,29
477,1
477,2
477,12
477,18
477,7
477,36
477,5
478,27
478,29
478,13
478,18
478,36
478,4
479,4
480,15
480,20
480,30
480,22
480,1
480,8
481,27
481,24
481,9
481,30
481,2
481,8
481,18
481,36
482,30
482,36
483,27
483,29
483,14
483,13
483,36
483,4
484,35
484,36
485,27
485,1
485,35
485,18
485,36
486,27
486,29
486,32
486,35
486,18
486,25
487,27
487,15
487,3
487,30
487,1
487,18
487,33
487,36
487,5
488,27
488,29
488,18
488,25
488,10
489,27
489,29
489,37
489,33
489,4
489,5
490,27
490,30
490,23
490,31
490,22
490,18
490,5
491,27
491,29
491,37
491,28
491,9
491,30
492,30
492,18
492,7
492,38
492,26
492,4
493,27
493,30
493,35
493,18
493,7
493,38
493,36
493,4
493,10
494,27
494,29
494,30
494,13
494,18
494,36
494,4
494,25
495,27
495,29
495,32
495,1
495,35
495,18
495,4
496,27
496,29
496,32
496,1
496,35
496,18
496,4
497,27
497,29
497,32
497,1
497,35
497,18
497,4
498,27
498,29
498,32
498,1
498,35
498,18
498,4
499,27
499,29
499,32
499,1
499,35
499,18
499,4
500,27
500,29
500,32
500,1
500,35
500,18
500,4
501,27
501,29
501,37
501,30
501,13
501,36
501,4
501,5
502,27
502,30
502,1
502,2
502,11
502,35
502,13
502,18
502,7
502,21
502,36
502,5
503,27
503,29
503,32
503,30
503,33
503,10
504,30
504,5
505,10
506,27
506,1
506,18
506,7
506,36
507,27
507,35
507,16
507,18
508,27
508,29
508,30
508,35
508,13
508,18
508,36
508,4
509,27
509,29
509,30
509,13
509,18
509,36
510,27
510,29
510,30
510,36
510,4
510,5
510,10
511,27
511,14
511,18
511,36
512,27
512,29
512,14
512,30
512,18
513,27
513,30
513,1
513,2
513,11
513,35
513,13
513,18
513,21
513,36
513,5
514,27
514,29
514,14
514,37
514,30
514,35
514,13
514,18
514,7
514,36
515,27
515,29
515,30
515,18
515,36
515,4
516,27
516,14
517,18
518,27
518,15
518,16
518,18
518,36
520,27
520,29
520,14
520,24
520,37
520,30
520,1
520,2
520,35
520,13
520,18
520,5
520,25
520,10
521,27
521,29
521,9
521,30
521,35
521,18
521,36
522,4
523,27
523,14
524,29
524,1
524,35
524,13
524,18
524,36
524,4
524,10
525,27
525,29
525,30
525,18
525,36
526,18
527,27
527,37
527,9
527,30
527,36
528,27
528,29
528,14
528,24
528,37
528,28
528,30
528,18
528,36
529,27
529,1
529,35
529,13
529,18
529,7
529,38
531,27
531,29
531,14
531,24
531,37
531,28
531,30
531,18
531,36
532,27
532,29
532,37
532,30
532,5
533,27
533,32
533,1
533,11
533,8
534,18
535,18
535,7
535,21
536,18
536,38
536,26
536,36
536,4
537,27
537,30
537,18
537,36
538,27
539,27
539,29
539,23
539,18
539,36
540,27
540,29
540,30
540,18
541,27
541,29
541,14
541,32
541,30
541,16
541,18
541,21
541,4
542,27
542,14
542,30
542,31
542,16
543,27
543,29
543,18
543,36
543,5
544,32
544,30
544,35
544,13
544,16
545,4
546,27
546,29
546,30
546,31
546,22
546,18
546,36
547,27
547,29
547,14
547,30
547,1
547,2
547,35
547,13
547,18
547,4
548,27
548,30
548,19
548,1
548,35
549,27
549,29
549,18
549,36
550,27
550,20
550,30
550,23
550,31
550,1
550,18
550,7
550,38
550,36
551,27
551,35
551,13
551,18
551,36
551,4
551,25
552,27
552,29
552,37
552,30
552,36
552,4
552,5
553,27
553,14
553,18
553,33
553,36
553,10
554,29
554,10
555,27
555,29
555,14
555,37
555,30
555,31
555,22
555,35
555,18
555,21
555,36
555,4
555,5
555,25
556,27
556,15
556,3
556,30
556,1
556,18
556,38
556,26
556,33
556,36
557,27
557,29
557,30
557,31
557,18
557,4
558,27
558,30
558,36
559,13
559,18
559,36
559,4
560,27
560,30
560,23
561,27
561,30
561,35
561,13
561,18
561,36
562,27
562,13
562,18
562,7
562,36
563,27
563,29
563,32
563,30
563,35
563,13
563,18
563,21
563,36
563,25
564,1
564,18
564,7
564,38
564,26
564,36
565,27
565,32
565,24
565,30
565,31
565,2
565,35
565,18
566,27
566,14
566,32
566,30
566,1
566,35
566,13
566,16
566,36
567,20
567,13
567,18
568,27
568,29
568,18
568,36
568,4
569,27
569,3
569,37
569,2
569,35
569,13
569,18
569,7
569,38
569,26
569,36
569,4
570,27
570,1
570,6
570,18
570,36
571,27
571,30
571,1
571,12
571,18
571,7
571,38
571,26
571,33
571,36
572,27
572,29
572,9
572,18
572,7
572,38
572,33
572,36
572,4
573,27
573,18
574,27
574,14
576,27
576,29
576,14
576,30
576,18
576,4
577,27
577,36
578,24
578,37
578,30
578,2
578,8
578,5
580,29
580,9
580,11
580,36
581,24
581,37
581,30
581,35
581,8
581,5
581,10
582,29
583,27
583,29
583,14
583,32
583,20
583,23
583,22
583,19
583,1
583,35
583,13
583,16
583,18
583,7
583,5
584,1
584,2
584,11
584,35
584,18
584,38
584,26
586,27
586,30
586,2
586,36
586,5
587,24
587,37
587,9
587,30
587,31
587,4
587,5
588,27
588,37
588,30
588,35
588,13
588,18
589,29
590,27
590,14
590,23
590,1
591,27
591,29
591,30
591,18
591,7
591,36
592,27
592,29
592,14
592,32
592,30
592,35
592,13
592,18
592,38
592,36
593,27
593,24
593,9
593,30
593,2
593,8
593,18
593,36
594,27
594,29
594,14
594,37
594,30
594,19
594,13
594,5
595,36
596,27
596,29
596,14
596,37
596,30
596,1
596,2
596,12
596,11
596,13
596,18
596,25
597,27
597,29
597,18
597,36
598,27
598,29
598,14
598,32
598,30
598,8
598,36
598,5
599,27
599,14
599,32
599,37
599,30
599,1
599,2
599,12
599,35
599,13
599,16
599,18
599,21
599,36
599,25
600,27
600,29
600,14
600,13
600,36
600,4
601,27
601,29
601,3
601,37
601,18
601,21
601,36
602,35
602,36
603,27
603,29
603,32
603,35
603,18
603,25
604,27
604,29
604,37
604,33
604,4
604,5
605,27
605,30
605,23
605,31
605,22
605,18
605,5
606,18
606,4
607,27
607,14
607,32
607,20
607,22
607,19
607,1
607,2
607,11
607,35
607,13
607,16
608,27
608,18
608,21
608,5
609,18
609,38
609,26
609,36
609,4
610,27
610,29
610,30
610,13
610,18
610,36
610,4
610,25
611,27
611,29
611,30
611,18
612,27
612,29
612,14
612,32
612,3
612,37
612,30
612,35
612,13
612,16
612,18
612,36
613,27
613,30
613,1
613,18
613,36
613,25
613,10
614,18
614,25
615,9
615,36
615,5
616,27
616,30
616,19
616,1
616,18
616,36
616,4
616,5
617,27
617,14
617,32
617,20
617,22
617,19
617,1
617,2
617,11
617,35
617,13
617,16
618,1
619,27
619,20
619,19
619,35
619,18
619,7
619,21
619,38
619,33
620,27
620,29
620,30
620,13
620,18
620,36
620,4
621,27
621,30
621,18
621,7
622,29
622,14
622,15
622,24
622,37
622,30
622,31
622,1
622,2
622,11
622,35
622,13
622,36
622,5
623,27
623,29
623,3
623,37
623,20
623,30
623,35
623,13
623,18
623,36
624,27
624,29
624,14
624,37
624,30
624,35
624,13
625,14
625,32
625,35
625,13
625,16
625,10
626,27
626,8
626,18
626,33
626,36
627,27
627,29
627,37
627,30
627,13
627,36
627,4
627,5
628,27
628,30
628,23
628,12
628,11
628,35
628,16
628,18
628,7
628,38
628,26
628,33
628,25
629,10
630,27
630,9
630,1
630,18
631,27
631,2
631,6
631,18
631,36
632,27
632,29
632,14
632,32
632,35
632,13
632,18
632,38
632,4
632,10
633,27
633,30
633,1
633,2
633,11
633,35
633,13
633,18
633,7
633,21
633,36
633,5
634,27
634,29
634,32
634,24
634,37
634,30
634,1
634,2
634,35
634,13
634,8
634,18
634,7
634,21
634,36
635,27
635,1
635,18
635,7
635,36
636,27
636,35
636,16
636,18
637,30
637,5
638,27
638,29
638,14
638,30
638,18
639,27
639,14
639,35
639,13
639,21
639,36
639,5
640,27
640,14
640,18
640,36
641,27
641,29
641,32
641,30
641,1
641,35
641,13
641,18
641,38
641,36
642,27
642,14
642,30
642,19
642,1
642,35
642,13
642,16
642,34
643,27
643,29
643,36
643,4
644,20
644,22
644,8
644,4
645,27
645,18
645,7
645,38
645,26
646,27
646,29
646,14
646,37
646,30
646,35
646,13
646,18
646,7
646,36
647,27
647,14
648,27
648,30
648,18
648,7
649,27
649,15
649,16
649,18
649,36
651,27
651,29
651,32
651,30
651,1
651,2
651,35
651,13
651,6
651,18
651,4
652,18
652,38
653,27
653,1
653,35
653,16
653,18
653,21
653,38
653,36
654,18
655,27
655,29
655,14
655,24
655,37
655,30
655,1
655,2
655,35
655,13
655,18
655,5
655,25
655,10
656,1
656,18
656,36
657,27
657,29
657,32
657,24
657,37
657,30
657,1
657,2
657,35
657,13
657,8
657,18
657,7
657,21
657,36
658,27
658,29
658,9
658,30
658,35
658,18
658,36
659,27
659,14
659,13
659,18
659,4
660,27
660,30
660,7
660,21
661,27
661,29
661,37
661,30
661,36
661,4
661,5
661,10
662,22
662,18
662,36
662,5
662,25
663,27
663,29
663,32
663,30
663,35
663,13
663,18
663,7
663,38
663,26
663,33
663,36
664,27
664,13
664,36
664,4
665,27
665,9
665,30
665,22
665,36
665,4
666,27
666,29
666,30
667,27
667,24
667,37
667,9
667,30
667,13
667,18
667,36
667,5
668,4
669,27
669,29
669,14
669,32
669,24
669,37
669,30
669,13
669,18
669,36
669,5
670,27
670,29
670,14
670,32
670,35
670,13
670,18
670,7
670,38
670,26
670,33
670,36
670,4
671,27
671,37
671,9
671,30
671,36
